{"cameraMode":{"drawMode":0,"name":"Shaded","section":"Shading Mode"},"sceneLighting":false,"audioPlay":false,"sceneViewState":{"m_AlwaysRefresh":false,"showFog":true,"showSkybox":false,"showFlares":true,"showImageEffects":true,"showParticleSystems":true,"showVisualEffectGraphs":true,"m_FxEnabled":true},"in2DMode":false,"pivot":{"x":-0.9835202693939209,"y":-8.078788757324219,"z":-1.2248191833496094},"rotation":{"x":-0.31580013036727908,"y":0.007682850118726492,"z":-0.002557050436735153,"w":-0.9487944841384888},"size":21.928998947143556,"orthographic":false}